{
  "Get Settings Page" : {
    "transaction" : "Get Settings Page",
    "sampleCount" : 26,
    "errorCount" : 0,
    "errorPct" : 0.0,
    "meanResTime" : 2735.307692307692,
    "medianResTime" : 2853.5,
    "minResTime" : 309.0,
    "maxResTime" : 4199.0,
    "pct1ResTime" : 4183.0,
    "pct2ResTime" : 4195.85,
    "pct3ResTime" : 4199.0,
    "throughput" : 1.542777527059947E-4,
    "receivedKBytesPerSec" : 5.706376192711664E-4,
    "sentKBytesPerSec" : 6.817797202665457E-4
  },
  "Get Settings Page-1" : {
    "transaction" : "Get Settings Page-1",
    "sampleCount" : 9,
    "errorCount" : 0,
    "errorPct" : 0.0,
    "meanResTime" : 3898.2222222222217,
    "medianResTime" : 3946.0,
    "minResTime" : 3529.0,
    "maxResTime" : 4131.0,
    "pct1ResTime" : 4131.0,
    "pct2ResTime" : 4131.0,
    "pct3ResTime" : 4131.0,
    "throughput" : 0.01061413378054217,
    "receivedKBytesPerSec" : 0.04042492357823678,
    "sentKBytesPerSec" : 0.008406311031269237
  },
  "Get Dashboard Page-1" : {
    "transaction" : "Get Dashboard Page-1",
    "sampleCount" : 40,
    "errorCount" : 0,
    "errorPct" : 0.0,
    "meanResTime" : 1881.75,
    "medianResTime" : 1880.5,
    "minResTime" : 778.0,
    "maxResTime" : 2822.0,
    "pct1ResTime" : 2651.2,
    "pct2ResTime" : 2729.35,
    "pct3ResTime" : 2822.0,
    "throughput" : 0.047310963132931975,
    "receivedKBytesPerSec" : 1.200608093723018,
    "sentKBytesPerSec" : 0.017371994275373462
  },
  "Get Settings Page-0" : {
    "transaction" : "Get Settings Page-0",
    "sampleCount" : 9,
    "errorCount" : 0,
    "errorPct" : 0.0,
    "meanResTime" : 86.33333333333333,
    "medianResTime" : 88.0,
    "minResTime" : 28.0,
    "maxResTime" : 137.0,
    "pct1ResTime" : 137.0,
    "pct2ResTime" : 137.0,
    "pct3ResTime" : 137.0,
    "throughput" : 0.010662066971996674,
    "receivedKBytesPerSec" : 0.0018846036346986308,
    "sentKBytesPerSec" : 0.008694165939079318
  },
  "Get Dashboard Page-0" : {
    "transaction" : "Get Dashboard Page-0",
    "sampleCount" : 40,
    "errorCount" : 0,
    "errorPct" : 0.0,
    "meanResTime" : 27.35,
    "medianResTime" : 21.5,
    "minResTime" : 6.0,
    "maxResTime" : 109.0,
    "pct1ResTime" : 62.79999999999998,
    "pct2ResTime" : 72.79999999999998,
    "pct3ResTime" : 109.0,
    "throughput" : 0.0474410307987172,
    "receivedKBytesPerSec" : 0.00838557282672638,
    "sentKBytesPerSec" : 0.01760507002296146
  },
  "Post Login Page" : {
    "transaction" : "Post Login Page",
    "sampleCount" : 1057,
    "errorCount" : 0,
    "errorPct" : 0.0,
    "meanResTime" : 1332.5288552507118,
    "medianResTime" : 972.0,
    "minResTime" : 751.0,
    "maxResTime" : 5329.0,
    "pct1ResTime" : 2572.6000000000013,
    "pct2ResTime" : 4267.999999999999,
    "pct3ResTime" : 4875.380000000003,
    "throughput" : 0.0062058069996489,
    "receivedKBytesPerSec" : 0.16529028375218804,
    "sentKBytesPerSec" : 0.02947301361196209
  },
  "Get Post Page" : {
    "transaction" : "Get Post Page",
    "sampleCount" : 932,
    "errorCount" : 0,
    "errorPct" : 0.0,
    "meanResTime" : 801.0515021459235,
    "medianResTime" : 720.0,
    "minResTime" : 542.0,
    "maxResTime" : 4560.0,
    "pct1ResTime" : 942.5000000000002,
    "pct2ResTime" : 1050.199999999999,
    "pct3ResTime" : 3002.4699999999943,
    "throughput" : 0.005472114389830741,
    "receivedKBytesPerSec" : 0.152427342377389,
    "sentKBytesPerSec" : 0.02929991211385037
  },
  "Post Like Post" : {
    "transaction" : "Post Like Post",
    "sampleCount" : 26,
    "errorCount" : 0,
    "errorPct" : 0.0,
    "meanResTime" : 664.5384615384615,
    "medianResTime" : 684.0,
    "minResTime" : 6.0,
    "maxResTime" : 1634.0,
    "pct1ResTime" : 1576.6,
    "pct2ResTime" : 1621.75,
    "pct3ResTime" : 1634.0,
    "throughput" : 1.542765150314249E-4,
    "receivedKBytesPerSec" : 0.002917624790579273,
    "sentKBytesPerSec" : 5.523335659467157E-4
  },
  "Get Dashboard Page" : {
    "transaction" : "Get Dashboard Page",
    "sampleCount" : 1012,
    "errorCount" : 0,
    "errorPct" : 0.0,
    "meanResTime" : 1211.8458498023722,
    "medianResTime" : 960.0,
    "minResTime" : 769.0,
    "maxResTime" : 5009.0,
    "pct1ResTime" : 1550.8000000000002,
    "pct2ResTime" : 3595.849999999997,
    "pct3ResTime" : 4769.360000000001,
    "throughput" : 0.005941674712684507,
    "receivedKBytesPerSec" : 0.20269948103184932,
    "sentKBytesPerSec" : 0.0312913554063809
  },
  "Delete Post" : {
    "transaction" : "Delete Post",
    "sampleCount" : 906,
    "errorCount" : 727,
    "errorPct" : 80.24283,
    "meanResTime" : 1150.135761589403,
    "medianResTime" : 1109.5,
    "minResTime" : 15.0,
    "maxResTime" : 2207.0,
    "pct1ResTime" : 1431.8000000000004,
    "pct2ResTime" : 1527.65,
    "pct3ResTime" : 1722.5099999999998,
    "throughput" : 0.005319459712693163,
    "receivedKBytesPerSec" : 0.022382544830510005,
    "sentKBytesPerSec" : 0.030307275164727258
  },
  "Total" : {
    "transaction" : "Total",
    "sampleCount" : 8263,
    "errorCount" : 1468,
    "errorPct" : 17.765945,
    "meanResTime" : 1240.074791238044,
    "medianResTime" : 958.0,
    "minResTime" : 6.0,
    "maxResTime" : 6733.0,
    "pct1ResTime" : 2462.800000000001,
    "pct2ResTime" : 3662.7999999999993,
    "pct3ResTime" : 4759.36,
    "throughput" : 0.04851266783002349,
    "receivedKBytesPerSec" : 1.0475955106137649,
    "sentKBytesPerSec" : 0.23959661882006705
  },
  "Get Host Page" : {
    "transaction" : "Get Host Page",
    "sampleCount" : 1086,
    "errorCount" : 0,
    "errorPct" : 0.0,
    "meanResTime" : 1490.1786372007377,
    "medianResTime" : 1052.5,
    "minResTime" : 759.0,
    "maxResTime" : 6593.0,
    "pct1ResTime" : 3072.4000000000005,
    "pct2ResTime" : 4383.849999999993,
    "pct3ResTime" : 5558.679999999996,
    "throughput" : 0.006375984178071586,
    "receivedKBytesPerSec" : 0.1749863602888652,
    "sentKBytesPerSec" : 0.027091562873036906
  },
  "Get Login Page" : {
    "transaction" : "Get Login Page",
    "sampleCount" : 1063,
    "errorCount" : 0,
    "errorPct" : 0.0,
    "meanResTime" : 1074.9435559736617,
    "medianResTime" : 704.0,
    "minResTime" : 124.0,
    "maxResTime" : 4531.0,
    "pct1ResTime" : 2843.0,
    "pct2ResTime" : 3602.3999999999996,
    "pct3ResTime" : 4304.8799999999965,
    "throughput" : 0.006241075057176584,
    "receivedKBytesPerSec" : 0.16016158177449322,
    "sentKBytesPerSec" : 0.028089189547599556
  },
  "Get Create Post Page" : {
    "transaction" : "Get Create Post Page",
    "sampleCount" : 960,
    "errorCount" : 0,
    "errorPct" : 0.0,
    "meanResTime" : 863.5250000000001,
    "medianResTime" : 682.0,
    "minResTime" : 425.0,
    "maxResTime" : 4345.0,
    "pct1ResTime" : 916.8,
    "pct2ResTime" : 2747.499999999999,
    "pct3ResTime" : 3972.12,
    "throughput" : 0.005636373850156249,
    "receivedKBytesPerSec" : 0.14512165043659117,
    "sentKBytesPerSec" : 0.02992460182702941
  },
  "Get Create Post Page-1" : {
    "transaction" : "Get Create Post Page-1",
    "sampleCount" : 25,
    "errorCount" : 0,
    "errorPct" : 0.0,
    "meanResTime" : 3689.4800000000005,
    "medianResTime" : 3758.0,
    "minResTime" : 2817.0,
    "maxResTime" : 4042.0,
    "pct1ResTime" : 3934.2000000000003,
    "pct2ResTime" : 4016.5,
    "pct3ResTime" : 4042.0,
    "throughput" : 0.0294650097116672,
    "receivedKBytesPerSec" : 0.7477321702806483,
    "sentKBytesPerSec" : 0.009812078429373549
  },
  "Post Bio Settings" : {
    "transaction" : "Post Bio Settings",
    "sampleCount" : 26,
    "errorCount" : 0,
    "errorPct" : 0.0,
    "meanResTime" : 2165.3076923076924,
    "medianResTime" : 1655.0,
    "minResTime" : 55.0,
    "maxResTime" : 6411.0,
    "pct1ResTime" : 6296.2,
    "pct2ResTime" : 6388.95,
    "pct3ResTime" : 6411.0,
    "throughput" : 1.5427681895558925E-4,
    "receivedKBytesPerSec" : 0.0011497632911482163,
    "sentKBytesPerSec" : 6.837747488573651E-4
  },
  "Get Create Post Page-0" : {
    "transaction" : "Get Create Post Page-0",
    "sampleCount" : 25,
    "errorCount" : 0,
    "errorPct" : 0.0,
    "meanResTime" : 97.04000000000002,
    "medianResTime" : 86.0,
    "minResTime" : 26.0,
    "maxResTime" : 181.0,
    "pct1ResTime" : 169.4,
    "pct2ResTime" : 178.6,
    "pct3ResTime" : 181.0,
    "throughput" : 0.02959455460195324,
    "receivedKBytesPerSec" : 0.005231068733353063,
    "sentKBytesPerSec" : 0.010404335602249187
  },
  "Post Save Post" : {
    "transaction" : "Post Save Post",
    "sampleCount" : 26,
    "errorCount" : 0,
    "errorPct" : 0.0,
    "meanResTime" : 620.4615384615385,
    "medianResTime" : 692.5,
    "minResTime" : 9.0,
    "maxResTime" : 1506.0,
    "pct1ResTime" : 1278.7,
    "pct2ResTime" : 1433.5499999999997,
    "pct3ResTime" : 1506.0,
    "throughput" : 1.542765232703172E-4,
    "receivedKBytesPerSec" : 0.0029176249463903916,
    "sentKBytesPerSec" : 5.523335954432127E-4
  },
  "Post Create Post Page" : {
    "transaction" : "Post Create Post Page",
    "sampleCount" : 959,
    "errorCount" : 741,
    "errorPct" : 77.26799,
    "meanResTime" : 1906.5912408759118,
    "medianResTime" : 1502.0,
    "minResTime" : 23.0,
    "maxResTime" : 6733.0,
    "pct1ResTime" : 3549.0,
    "pct2ResTime" : 3922.0,
    "pct3ResTime" : 5170.599999999999,
    "throughput" : 0.0056306004144662065,
    "receivedKBytesPerSec" : 0.004408854570289661,
    "sentKBytesPerSec" : 0.03121350462527403
  },
  "Get Post Page-1" : {
    "transaction" : "Get Post Page-1",
    "sampleCount" : 18,
    "errorCount" : 0,
    "errorPct" : 0.0,
    "meanResTime" : 1994.1666666666667,
    "medianResTime" : 1843.5,
    "minResTime" : 706.0,
    "maxResTime" : 3364.0,
    "pct1ResTime" : 3124.6000000000004,
    "pct2ResTime" : 3364.0,
    "pct3ResTime" : 3364.0,
    "throughput" : 0.0017331419687838024,
    "receivedKBytesPerSec" : 0.04401355026357238,
    "sentKBytesPerSec" : 8.802051849926851E-4
  },
  "Get Post Page-0" : {
    "transaction" : "Get Post Page-0",
    "sampleCount" : 18,
    "errorCount" : 0,
    "errorPct" : 0.0,
    "meanResTime" : 69.49999999999999,
    "medianResTime" : 56.0,
    "minResTime" : 23.0,
    "maxResTime" : 229.0,
    "pct1ResTime" : 133.60000000000014,
    "pct2ResTime" : 229.0,
    "pct3ResTime" : 229.0,
    "throughput" : 0.0017332561199829215,
    "receivedKBytesPerSec" : 3.063665602704188E-4,
    "sentKBytesPerSec" : 9.261523180182181E-4
  }
}