{
  "Get Settings Page" : {
    "transaction" : "Get Settings Page",
    "sampleCount" : 4,
    "errorCount" : 0,
    "errorPct" : 0.0,
    "meanResTime" : 811.5,
    "medianResTime" : 538.5,
    "minResTime" : 420.0,
    "maxResTime" : 1749.0,
    "pct1ResTime" : 1749.0,
    "pct2ResTime" : 1749.0,
    "pct3ResTime" : 1749.0,
    "throughput" : 0.0020346531959060743,
    "receivedKBytesPerSec" : 0.007215667071223544,
    "sentKBytesPerSec" : 0.012046974928494658
  },
  "Post Login Page" : {
    "transaction" : "Post Login Page",
    "sampleCount" : 903,
    "errorCount" : 0,
    "errorPct" : 0.0,
    "meanResTime" : 975.6212624584716,
    "medianResTime" : 947.0,
    "minResTime" : 751.0,
    "maxResTime" : 1645.0,
    "pct1ResTime" : 1138.4,
    "pct2ResTime" : 1227.8,
    "pct3ResTime" : 1439.4800000000005,
    "throughput" : 0.23997767649520976,
    "receivedKBytesPerSec" : 6.72834991678515,
    "sentKBytesPerSec" : 1.3134245921475745
  },
  "Get Post Page" : {
    "transaction" : "Get Post Page",
    "sampleCount" : 888,
    "errorCount" : 0,
    "errorPct" : 0.0,
    "meanResTime" : 743.8738738738741,
    "medianResTime" : 715.0,
    "minResTime" : 542.0,
    "maxResTime" : 1395.0,
    "pct1ResTime" : 907.1,
    "pct2ResTime" : 962.6499999999999,
    "pct3ResTime" : 1091.66,
    "throughput" : 0.2364789561691048,
    "receivedKBytesPerSec" : 6.5922706458711655,
    "sentKBytesPerSec" : 1.28835847661548
  },
  "Post Like Post" : {
    "transaction" : "Post Like Post",
    "sampleCount" : 4,
    "errorCount" : 0,
    "errorPct" : 0.0,
    "meanResTime" : 687.5,
    "medianResTime" : 684.0,
    "minResTime" : 673.0,
    "maxResTime" : 709.0,
    "pct1ResTime" : 709.0,
    "pct2ResTime" : 709.0,
    "pct3ResTime" : 709.0,
    "throughput" : 0.0020347411707493748,
    "receivedKBytesPerSec" : 0.060562362082700015,
    "sentKBytesPerSec" : 0.01092083737738141
  },
  "Get Dashboard Page" : {
    "transaction" : "Get Dashboard Page",
    "sampleCount" : 902,
    "errorCount" : 0,
    "errorPct" : 0.0,
    "meanResTime" : 977.8403547671838,
    "medianResTime" : 943.0,
    "minResTime" : 769.0,
    "maxResTime" : 2354.0,
    "pct1ResTime" : 1150.7,
    "pct2ResTime" : 1242.85,
    "pct3ResTime" : 1485.6100000000004,
    "throughput" : 0.23984150252458442,
    "receivedKBytesPerSec" : 8.26354867464636,
    "sentKBytesPerSec" : 1.3076857493664276
  },
  "Delete Post" : {
    "transaction" : "Delete Post",
    "sampleCount" : 884,
    "errorCount" : 720,
    "errorPct" : 81.44797,
    "meanResTime" : 1152.7952488687786,
    "medianResTime" : 1109.0,
    "minResTime" : 843.0,
    "maxResTime" : 2038.0,
    "pct1ResTime" : 1422.0,
    "pct2ResTime" : 1499.0,
    "pct3ResTime" : 1663.5499999999993,
    "throughput" : 0.2354067143640437,
    "receivedKBytesPerSec" : 0.9769809298591847,
    "sentKBytesPerSec" : 1.351717505767997
  },
  "Total" : {
    "transaction" : "Total",
    "sampleCount" : 7211,
    "errorCount" : 1440,
    "errorPct" : 19.969492,
    "meanResTime" : 1022.2118984884183,
    "medianResTime" : 934.0,
    "minResTime" : 104.0,
    "maxResTime" : 6733.0,
    "pct1ResTime" : 1435.0,
    "pct2ResTime" : 1599.3999999999996,
    "pct3ResTime" : 3491.76,
    "throughput" : 1.9151974677217118,
    "receivedKBytesPerSec" : 41.854165830460936,
    "sentKBytesPerSec" : 10.394594103414157
  },
  "Get Host Page" : {
    "transaction" : "Get Host Page",
    "sampleCount" : 926,
    "errorCount" : 0,
    "errorPct" : 0.0,
    "meanResTime" : 1079.5550755939503,
    "medianResTime" : 1023.0,
    "minResTime" : 759.0,
    "maxResTime" : 3015.0,
    "pct1ResTime" : 1275.0,
    "pct2ResTime" : 1423.65,
    "pct3ResTime" : 2310.880000000001,
    "throughput" : 0.24593993275694148,
    "receivedKBytesPerSec" : 6.772998234697078,
    "sentKBytesPerSec" : 1.2207465044691483
  },
  "Get Login Page" : {
    "transaction" : "Get Login Page",
    "sampleCount" : 903,
    "errorCount" : 0,
    "errorPct" : 0.0,
    "meanResTime" : 705.2535991140652,
    "medianResTime" : 685.0,
    "minResTime" : 204.0,
    "maxResTime" : 1148.0,
    "pct1ResTime" : 849.2,
    "pct2ResTime" : 922.5999999999997,
    "pct3ResTime" : 1053.88,
    "throughput" : 0.2400442127945426,
    "receivedKBytesPerSec" : 6.171780962746095,
    "sentKBytesPerSec" : 1.2598725721275708
  },
  "Get Create Post Page" : {
    "transaction" : "Get Create Post Page",
    "sampleCount" : 894,
    "errorCount" : 0,
    "errorPct" : 0.0,
    "meanResTime" : 692.5011185682337,
    "medianResTime" : 673.0,
    "minResTime" : 425.0,
    "maxResTime" : 1160.0,
    "pct1ResTime" : 823.0,
    "pct2ResTime" : 877.75,
    "pct3ResTime" : 1031.05,
    "throughput" : 0.2377244821116316,
    "receivedKBytesPerSec" : 6.121988393198554,
    "sentKBytesPerSec" : 1.2914481895745051
  },
  "Post Bio Settings" : {
    "transaction" : "Post Bio Settings",
    "sampleCount" : 4,
    "errorCount" : 0,
    "errorPct" : 0.0,
    "meanResTime" : 1529.0,
    "medianResTime" : 1563.5,
    "minResTime" : 1331.0,
    "maxResTime" : 1658.0,
    "pct1ResTime" : 1658.0,
    "pct2ResTime" : 1658.0,
    "pct3ResTime" : 1658.0,
    "throughput" : 0.0020350879692213296,
    "receivedKBytesPerSec" : 0.02301944841357261,
    "sentKBytesPerSec" : 0.012633842012050773
  },
  "Post Save Post" : {
    "transaction" : "Post Save Post",
    "sampleCount" : 4,
    "errorCount" : 0,
    "errorPct" : 0.0,
    "meanResTime" : 684.75,
    "medianResTime" : 664.0,
    "minResTime" : 646.0,
    "maxResTime" : 765.0,
    "pct1ResTime" : 765.0,
    "pct2ResTime" : 765.0,
    "pct3ResTime" : 765.0,
    "throughput" : 0.0020347473810257773,
    "receivedKBytesPerSec" : 0.060562546926361475,
    "sentKBytesPerSec" : 0.010920870709099289
  },
  "Post Create Post Page" : {
    "transaction" : "Post Create Post Page",
    "sampleCount" : 893,
    "errorCount" : 720,
    "errorPct" : 80.6271,
    "meanResTime" : 1855.8477043673008,
    "medianResTime" : 1495.0,
    "minResTime" : 1117.0,
    "maxResTime" : 6733.0,
    "pct1ResTime" : 3371.4000000000005,
    "pct2ResTime" : 3676.0999999999995,
    "pct3ResTime" : 4192.179999999995,
    "throughput" : 0.23764340768405187,
    "receivedKBytesPerSec" : 0.18728888523420115,
    "sentKBytesPerSec" : 1.3487940657374091
  },
  "Get Post Page-1" : {
    "transaction" : "Get Post Page-1",
    "sampleCount" : 1,
    "errorCount" : 0,
    "errorPct" : 0.0,
    "meanResTime" : 706.0,
    "medianResTime" : 706.0,
    "minResTime" : 706.0,
    "maxResTime" : 706.0,
    "pct1ResTime" : 706.0,
    "pct2ResTime" : 706.0,
    "pct3ResTime" : 706.0,
    "throughput" : 1.41643059490085,
    "receivedKBytesPerSec" : 36.410842333569406,
    "sentKBytesPerSec" : 7.668643767705383
  },
  "Get Post Page-0" : {
    "transaction" : "Get Post Page-0",
    "sampleCount" : 1,
    "errorCount" : 0,
    "errorPct" : 0.0,
    "meanResTime" : 104.0,
    "medianResTime" : 104.0,
    "minResTime" : 104.0,
    "maxResTime" : 104.0,
    "pct1ResTime" : 104.0,
    "pct2ResTime" : 104.0,
    "pct3ResTime" : 104.0,
    "throughput" : 9.615384615384617,
    "receivedKBytesPerSec" : 1.6995943509615385,
    "sentKBytesPerSec" : 52.490234375
  }
}