{
  "Get Settings Page" : {
    "transaction" : "Get Settings Page",
    "sampleCount" : 12,
    "errorCount" : 0,
    "errorPct" : 0.0,
    "meanResTime" : 2792.5833333333335,
    "medianResTime" : 2830.0,
    "minResTime" : 309.0,
    "maxResTime" : 4199.0,
    "pct1ResTime" : 4072.1000000000004,
    "pct2ResTime" : 4199.0,
    "pct3ResTime" : 4199.0,
    "throughput" : 7.664852632381537E-5,
    "receivedKBytesPerSec" : 2.830656025858351E-4,
    "sentKBytesPerSec" : 3.4298468981456E-4
  },
  "Get Settings Page-1" : {
    "transaction" : "Get Settings Page-1",
    "sampleCount" : 4,
    "errorCount" : 0,
    "errorPct" : 0.0,
    "meanResTime" : 3744.5,
    "medianResTime" : 3659.0,
    "minResTime" : 3529.0,
    "maxResTime" : 4131.0,
    "pct1ResTime" : 4131.0,
    "pct2ResTime" : 4131.0,
    "pct3ResTime" : 4131.0,
    "throughput" : 0.6837606837606838,
    "receivedKBytesPerSec" : 2.604166666666667,
    "sentKBytesPerSec" : 0.5415331196581197
  },
  "Get Dashboard Page-1" : {
    "transaction" : "Get Dashboard Page-1",
    "sampleCount" : 20,
    "errorCount" : 0,
    "errorPct" : 0.0,
    "meanResTime" : 1875.7999999999997,
    "medianResTime" : 1966.5,
    "minResTime" : 778.0,
    "maxResTime" : 2822.0,
    "pct1ResTime" : 2728.7,
    "pct2ResTime" : 2817.4,
    "pct3ResTime" : 2822.0,
    "throughput" : 5.85480093676815,
    "receivedKBytesPerSec" : 148.57700892857144,
    "sentKBytesPerSec" : 2.149809718969555
  },
  "Get Settings Page-0" : {
    "transaction" : "Get Settings Page-0",
    "sampleCount" : 4,
    "errorCount" : 0,
    "errorPct" : 0.0,
    "meanResTime" : 82.75,
    "medianResTime" : 75.0,
    "minResTime" : 54.0,
    "maxResTime" : 127.0,
    "pct1ResTime" : 127.0,
    "pct2ResTime" : 127.0,
    "pct3ResTime" : 127.0,
    "throughput" : 1.6333197223356473,
    "receivedKBytesPerSec" : 0.2887020212331564,
    "sentKBytesPerSec" : 1.3318573907717437
  },
  "Get Dashboard Page-0" : {
    "transaction" : "Get Dashboard Page-0",
    "sampleCount" : 20,
    "errorCount" : 0,
    "errorPct" : 0.0,
    "meanResTime" : 21.249999999999996,
    "medianResTime" : 14.0,
    "minResTime" : 6.0,
    "maxResTime" : 109.0,
    "pct1ResTime" : 30.900000000000002,
    "pct2ResTime" : 105.09999999999994,
    "pct3ResTime" : 109.0,
    "throughput" : 32.89473684210526,
    "receivedKBytesPerSec" : 5.814401726973684,
    "sentKBytesPerSec" : 12.20703125
  },
  "Post Login Page" : {
    "transaction" : "Post Login Page",
    "sampleCount" : 104,
    "errorCount" : 0,
    "errorPct" : 0.0,
    "meanResTime" : 3346.250000000001,
    "medianResTime" : 3780.5,
    "minResTime" : 1087.0,
    "maxResTime" : 5204.0,
    "pct1ResTime" : 4665.0,
    "pct2ResTime" : 4752.5,
    "pct3ResTime" : 5190.550000000001,
    "throughput" : 6.643072941439127E-4,
    "receivedKBytesPerSec" : 0.01263794474702648,
    "sentKBytesPerSec" : 3.3539733503164346E-4
  },
  "Get Post Page" : {
    "transaction" : "Get Post Page",
    "sampleCount" : 24,
    "errorCount" : 0,
    "errorPct" : 0.0,
    "meanResTime" : 1569.2916666666667,
    "medianResTime" : 988.0,
    "minResTime" : 680.0,
    "maxResTime" : 3387.0,
    "pct1ResTime" : 3144.0,
    "pct2ResTime" : 3329.0,
    "pct3ResTime" : 3387.0,
    "throughput" : 1.5329300684009363E-4,
    "receivedKBytesPerSec" : 0.004297724386471087,
    "sentKBytesPerSec" : 5.40436441717376E-4
  },
  "Post Like Post" : {
    "transaction" : "Post Like Post",
    "sampleCount" : 12,
    "errorCount" : 0,
    "errorPct" : 0.0,
    "meanResTime" : 480.00000000000006,
    "medianResTime" : 659.5,
    "minResTime" : 13.0,
    "maxResTime" : 981.0,
    "pct1ResTime" : 952.8000000000001,
    "pct2ResTime" : 981.0,
    "pct3ResTime" : 981.0,
    "throughput" : 7.664661357057675E-5,
    "receivedKBytesPerSec" : 0.0013241251395846609,
    "sentKBytesPerSec" : 2.471803387512057E-4
  },
  "Get Dashboard Page" : {
    "transaction" : "Get Dashboard Page",
    "sampleCount" : 60,
    "errorCount" : 0,
    "errorPct" : 0.0,
    "meanResTime" : 3029.633333333333,
    "medianResTime" : 2715.5,
    "minResTime" : 793.0,
    "maxResTime" : 5009.0,
    "pct1ResTime" : 4772.0,
    "pct2ResTime" : 4980.9,
    "pct3ResTime" : 5009.0,
    "throughput" : 3.83245023247196E-4,
    "receivedKBytesPerSec" : 0.012086034764293388,
    "sentKBytesPerSec" : 0.0014904139465265628
  },
  "Delete Post" : {
    "transaction" : "Delete Post",
    "sampleCount" : 12,
    "errorCount" : 1,
    "errorPct" : 8.333333,
    "meanResTime" : 1049.75,
    "medianResTime" : 1489.0,
    "minResTime" : 17.0,
    "maxResTime" : 1840.0,
    "pct1ResTime" : 1787.8000000000002,
    "pct2ResTime" : 1840.0,
    "pct3ResTime" : 1840.0,
    "throughput" : 7.664620674952756E-5,
    "receivedKBytesPerSec" : 8.877249992512624E-4,
    "sentKBytesPerSec" : 3.1226093768675525E-4
  },
  "Total" : {
    "transaction" : "Total",
    "sampleCount" : 632,
    "errorCount" : 4,
    "errorPct" : 0.6329114,
    "meanResTime" : 2757.8496835443066,
    "medianResTime" : 2779.5,
    "minResTime" : 6.0,
    "maxResTime" : 6593.0,
    "pct1ResTime" : 4576.1,
    "pct2ResTime" : 5043.3,
    "pct3ResTime" : 6245.349999999991,
    "throughput" : 0.004036506032823321,
    "receivedKBytesPerSec" : 0.08323012130712948,
    "sentKBytesPerSec" : 0.0060968288567523395
  },
  "Get Host Page" : {
    "transaction" : "Get Host Page",
    "sampleCount" : 110,
    "errorCount" : 0,
    "errorPct" : 0.0,
    "meanResTime" : 3827.4090909090914,
    "medianResTime" : 3820.0,
    "minResTime" : 1550.0,
    "maxResTime" : 6593.0,
    "pct1ResTime" : 5552.0,
    "pct2ResTime" : 6081.049999999991,
    "pct3ResTime" : 6591.35,
    "throughput" : 7.026476741681694E-4,
    "receivedKBytesPerSec" : 0.01889887694927959,
    "sentKBytesPerSec" : 7.959680683936296E-5
  },
  "Get Login Page" : {
    "transaction" : "Get Login Page",
    "sampleCount" : 110,
    "errorCount" : 0,
    "errorPct" : 0.0,
    "meanResTime" : 3146.2454545454543,
    "medianResTime" : 2952.5,
    "minResTime" : 124.0,
    "maxResTime" : 4531.0,
    "pct1ResTime" : 4290.3,
    "pct2ResTime" : 4422.15,
    "pct3ResTime" : 4525.39,
    "throughput" : 7.026419740647055E-4,
    "receivedKBytesPerSec" : 0.017839146525131064,
    "sentKBytesPerSec" : 1.9693188140290082E-4
  },
  "Get Create Post Page" : {
    "transaction" : "Get Create Post Page",
    "sampleCount" : 36,
    "errorCount" : 0,
    "errorPct" : 0.0,
    "meanResTime" : 3053.027777777778,
    "medianResTime" : 3090.5,
    "minResTime" : 720.0,
    "maxResTime" : 4345.0,
    "pct1ResTime" : 4071.6000000000004,
    "pct2ResTime" : 4313.55,
    "pct3ResTime" : 4345.0,
    "throughput" : 2.2994456994520994E-4,
    "receivedKBytesPerSec" : 0.005905484799562109,
    "sentKBytesPerSec" : 8.568217220427483E-4
  },
  "Get Create Post Page-1" : {
    "transaction" : "Get Create Post Page-1",
    "sampleCount" : 13,
    "errorCount" : 0,
    "errorPct" : 0.0,
    "meanResTime" : 3595.3076923076924,
    "medianResTime" : 3639.0,
    "minResTime" : 2817.0,
    "maxResTime" : 4042.0,
    "pct1ResTime" : 4008.0,
    "pct2ResTime" : 4042.0,
    "pct3ResTime" : 4042.0,
    "throughput" : 2.186343760511268,
    "receivedKBytesPerSec" : 55.48274312563068,
    "sentKBytesPerSec" : 0.7280695530608813
  },
  "Post Bio Settings" : {
    "transaction" : "Post Bio Settings",
    "sampleCount" : 12,
    "errorCount" : 0,
    "errorPct" : 0.0,
    "meanResTime" : 1568.2500000000002,
    "medianResTime" : 1923.0,
    "minResTime" : 61.0,
    "maxResTime" : 2874.0,
    "pct1ResTime" : 2845.8,
    "pct2ResTime" : 2874.0,
    "pct3ResTime" : 2874.0,
    "throughput" : 7.664762941816498E-5,
    "receivedKBytesPerSec" : 5.821614502951461E-4,
    "sentKBytesPerSec" : 3.4475215478043444E-4
  },
  "Get Create Post Page-0" : {
    "transaction" : "Get Create Post Page-0",
    "sampleCount" : 13,
    "errorCount" : 0,
    "errorPct" : 0.0,
    "meanResTime" : 84.53846153846155,
    "medianResTime" : 80.0,
    "minResTime" : 29.0,
    "maxResTime" : 153.0,
    "pct1ResTime" : 150.6,
    "pct2ResTime" : 153.0,
    "pct3ResTime" : 153.0,
    "throughput" : 5.316973415132924,
    "receivedKBytesPerSec" : 0.9398165899795502,
    "sentKBytesPerSec" : 1.869248466257669
  },
  "Post Save Post" : {
    "transaction" : "Post Save Post",
    "sampleCount" : 12,
    "errorCount" : 0,
    "errorPct" : 0.0,
    "meanResTime" : 460.5833333333333,
    "medianResTime" : 657.0,
    "minResTime" : 11.0,
    "maxResTime" : 1000.0,
    "pct1ResTime" : 935.2000000000003,
    "pct2ResTime" : 1000.0,
    "pct3ResTime" : 1000.0,
    "throughput" : 7.664658077016362E-5,
    "receivedKBytesPerSec" : 0.0013241245729340343,
    "sentKBytesPerSec" : 2.4718023297200877E-4
  },
  "Post Create Post Page" : {
    "transaction" : "Post Create Post Page",
    "sampleCount" : 36,
    "errorCount" : 3,
    "errorPct" : 8.333333,
    "meanResTime" : 2778.694444444445,
    "medianResTime" : 3865.5,
    "minResTime" : 23.0,
    "maxResTime" : 6313.0,
    "pct1ResTime" : 5491.6,
    "pct2ResTime" : 6138.75,
    "pct3ResTime" : 6313.0,
    "throughput" : 2.299380342546354E-4,
    "receivedKBytesPerSec" : 2.1507414711192718E-4,
    "sentKBytesPerSec" : 8.850593379049272E-4
  },
  "Get Post Page-1" : {
    "transaction" : "Get Post Page-1",
    "sampleCount" : 9,
    "errorCount" : 0,
    "errorPct" : 0.0,
    "meanResTime" : 2286.222222222222,
    "medianResTime" : 1992.0,
    "minResTime" : 1786.0,
    "maxResTime" : 3364.0,
    "pct1ResTime" : 3364.0,
    "pct2ResTime" : 3364.0,
    "pct3ResTime" : 3364.0,
    "throughput" : 1.820756625531054,
    "receivedKBytesPerSec" : 46.205255538134736,
    "sentKBytesPerSec" : 0.3890049691482905
  },
  "Get Post Page-0" : {
    "transaction" : "Get Post Page-0",
    "sampleCount" : 9,
    "errorCount" : 0,
    "errorPct" : 0.0,
    "meanResTime" : 65.33333333333333,
    "medianResTime" : 49.0,
    "minResTime" : 23.0,
    "maxResTime" : 229.0,
    "pct1ResTime" : 229.0,
    "pct2ResTime" : 229.0,
    "pct3ResTime" : 229.0,
    "throughput" : 2.830188679245283,
    "receivedKBytesPerSec" : 0.5002579599056604,
    "sentKBytesPerSec" : 0.6765305621069182
  }
}